{
  "best_model": "VotingEnsemble",
  "models": {
    "Ridge": {
      "model_name": "Ridge",
      "train_rmse": 13.789391467466398,
      "test_rmse": 22.663247730197906,
      "train_mae": 10.779635707088936,
      "test_mae": 17.61351508049142,
      "train_r2": 0.7368297743691785,
      "test_r2": 0.2333507622413703
    },
    "Lasso": {
      "model_name": "Lasso",
      "train_rmse": 13.824575480385002,
      "test_rmse": 22.702612384627315,
      "train_mae": 10.821900301673185,
      "test_mae": 17.362459015485026,
      "train_r2": 0.735485088865403,
      "test_r2": 0.2306852050277619
    },
    "ElasticNet": {
      "model_name": "ElasticNet",
      "train_rmse": 13.987759568512997,
      "test_rmse": 22.528319189654198,
      "train_mae": 10.909721627905759,
      "test_mae": 17.217533071380938,
      "train_r2": 0.7292036113081541,
      "test_r2": 0.24245227618487042
    },
    "RandomForest": {
      "model_name": "RandomForest",
      "train_rmse": 5.5474184752039175,
      "test_rmse": 23.689080772065864,
      "train_mae": 4.361566633740988,
      "test_mae": 20.36652171774763,
      "train_r2": 0.9574079633011177,
      "test_r2": 0.16237653783189632
    },
    "GradientBoosting": {
      "model_name": "GradientBoosting",
      "train_rmse": 0.0536065608742083,
      "test_rmse": 22.567730063311764,
      "train_mae": 0.044439083716695985,
      "test_mae": 17.854098710441804,
      "train_r2": 0.9999960227540998,
      "test_r2": 0.2397994611231905
    },
    "XGBoost": {
      "model_name": "XGBoost",
      "train_rmse": 0.1611561852498445,
      "test_rmse": 21.72787766916257,
      "train_mae": 0.11540463330488984,
      "test_mae": 17.693437528224486,
      "train_r2": 0.9999640548328023,
      "test_r2": 0.2953279743289732
    },
    "LightGBM": {
      "model_name": "LightGBM",
      "train_rmse": 0.034353022956045844,
      "test_rmse": 21.90746683069315,
      "train_mae": 0.02487487243148644,
      "test_mae": 16.881727844070912,
      "train_r2": 0.9999983666604809,
      "test_r2": 0.2836310697243424
    },
    "VotingEnsemble": {
      "model_name": "VotingEnsemble",
      "train_rmse": 9.505728565674982,
      "test_rmse": 21.666253419217384,
      "train_mae": 7.4449715281783755,
      "test_mae": 17.792460621051422,
      "train_r2": 0.8749403039716863,
      "test_r2": 0.2993194644530037
    },
    "StackingEnsemble": {
      "model_name": "StackingEnsemble",
      "train_rmse": 13.187908963168168,
      "test_rmse": 24.04130400944957,
      "train_mae": 9.244377346709676,
      "test_mae": 18.481111605995057,
      "train_r2": 0.7592876172230238,
      "test_r2": 0.13728280001711257
    }
  },
  "feature_names": [
    "aqi",
    "pm10_mean",
    "temperature_2m_mean",
    "relative_humidity_2m_mean",
    "pressure_msl_mean",
    "wind_speed_10m_mean",
    "aqi_lag_1",
    "aqi_lag_2",
    "aqi_lag_3",
    "aqi_lag_4",
    "aqi_lag_5",
    "aqi_lag_6",
    "aqi_lag_7",
    "aqi_roll_mean_3",
    "aqi_roll_mean_7",
    "aqi_diff_1",
    "aqi_diff_7",
    "day_of_year_cos",
    "temperature_2m_mean_lag_1",
    "temperature_2m_mean_lag_2",
    "temperature_2m_mean_lag_3",
    "temperature_2m_mean_roll_mean_3",
    "temperature_2m_mean_current",
    "relative_humidity_2m_mean_lag_1",
    "relative_humidity_2m_mean_lag_2",
    "relative_humidity_2m_mean_lag_3",
    "relative_humidity_2m_mean_roll_mean_3",
    "relative_humidity_2m_mean_current",
    "pressure_msl_mean_lag_1",
    "pressure_msl_mean_lag_2",
    "pressure_msl_mean_lag_3",
    "pressure_msl_mean_roll_mean_3",
    "pressure_msl_mean_current",
    "wind_speed_10m_mean_lag_1",
    "wind_speed_10m_mean_lag_2",
    "wind_speed_10m_mean_lag_3",
    "wind_speed_10m_mean_roll_mean_3",
    "wind_speed_10m_mean_current",
    "precipitation_mean_roll_mean_3",
    "precipitation_mean_current",
    "pm10_mean_lag_1",
    "pm10_mean_lag_2",
    "pm10_mean_lag_3",
    "pm10_mean_roll_mean_3",
    "pm10_mean_current",
    "ozone_mean_lag_2",
    "ozone_mean_lag_3",
    "ozone_mean_roll_mean_3",
    "aqi_x_aqi_lag_1",
    "aqi_x_aqi_lag_2",
    "aqi_lag_1_x_aqi_lag_2",
    "aqi_lag_1_x_aqi_lag_3",
    "aqi_lag_2_x_aqi_lag_3",
    "aqi_lag_2_x_aqi_lag_4"
  ],
  "training_samples": 304,
  "test_samples": 54
}